keyword,lvl_01,lvl_02
김건희,자녀,나이
김건희,자녀,윤석열
김건희,재혼,의사
김건희,쥴리,더쿠
김건희,쥴리,벽화
김건희,쥴리,나이
김건희,명품백,동영상
김건희,명품백,디시
김건희,명품백,서울의소리
김건희,명품백,카톡
김건희,명품백,목사
김건희,명품백,녹취록
김건희,명품백,사진
김건희,명품백,디올
김건희,명품백,논란 이유
김건희,과거,직업
김건희,과거,'쥴리
김건희,과거,더쿠
김건희,과거,남편
김건희,과거,디시
김건희,나이,차이
김건희,나이,키
김건희,나이,차
김건희,나이,김건희 여사 나이
김건희,나이,김건희 쥴리 나이
김건희,나이,김건희 자녀 나이
김건희,나이,윤석열 차
김건희,나이,영부인
김건희,나이,대통령 부인
김건희,카톡,김건희 명품백 카톡
김건희,카톡,김건희 디올 카톡
김건희,카톡,김건희 목사 카톡
김건희,카톡,김건희 명품 카톡
김건희,카톡,한동훈
김건희,카톡,한동훈  내용
김건희,카톡,최재영
김건희,여사,나이
김건희,여사,특검법
김건희,여사,명품백
김건희,여사,특검
김건희,여사,님
김건희,여사,호칭
김건희,여사,프로필
김건희,여사,학력
김건희,여사,투표
